run,ep,unique_cells,bfs_span,boundary_crossings,crosses_2_boundaries,corner_passage,detour_segment,start_end_bfs
d4rl,0,5,4,10,True,True,True,4
d4rl,1,5,4,4,True,True,True,4
d4rl,2,6,5,5,True,True,True,5
d4rl,3,6,5,7,True,True,True,5
d4rl,4,7,6,11,True,True,True,5
d4rl,5,7,6,12,True,True,True,6
d4rl,6,6,5,5,True,True,True,5
d4rl,7,7,6,6,True,True,True,6
d4rl,8,3,2,2,True,False,False,2
d4rl,9,6,5,5,True,True,True,5
d4rl,10,6,5,7,True,True,True,5
d4rl,11,7,6,27,True,True,True,5
d4rl,12,7,6,7,True,True,True,5
d4rl,13,7,6,6,True,True,True,6
d4rl,14,7,6,40,True,True,True,6
d4rl,15,7,6,12,True,True,True,6
d4rl,16,7,6,21,True,True,True,5
d4rl,17,7,6,26,True,True,True,6
d4rl,18,7,6,6,True,True,True,6
d4rl,19,7,6,12,True,True,True,6
d4rl,20,6,5,5,True,True,True,5
d4rl,21,7,6,7,True,True,True,5
d4rl,22,7,6,9,True,True,True,5
d4rl,23,6,5,5,True,True,True,5
d4rl,24,5,4,4,True,True,True,4
d4rl,25,7,6,6,True,True,True,6
d4rl,26,6,5,6,True,True,True,4
d4rl,27,7,6,6,True,True,True,6
d4rl,28,7,6,21,True,True,True,5
d4rl,29,6,5,7,True,True,True,5
d4rl,30,6,5,5,True,True,True,5
d4rl,31,6,5,5,True,True,True,5
d4rl,32,7,6,6,True,True,True,6
d4rl,33,6,5,7,True,True,True,5
d4rl,34,3,2,3,True,False,False,1
d4rl,35,7,6,16,True,True,True,6
d4rl,36,7,6,14,True,True,True,6
d4rl,37,7,6,8,True,True,True,6
d4rl,38,7,6,8,True,True,True,6
d4rl,39,5,4,6,True,True,True,4
d4rl,40,7,6,8,True,True,True,6
d4rl,41,6,5,5,True,True,True,5
d4rl,42,7,6,6,True,True,True,6
d4rl,43,6,5,5,True,True,True,5
d4rl,44,7,6,11,True,True,True,5
d4rl,45,2,1,1,False,False,False,1
d4rl,46,7,6,43,True,True,True,5
d4rl,47,6,5,21,True,True,True,5
d4rl,48,7,6,22,True,True,True,6
d4rl,49,5,4,4,True,True,True,4
d4rl,50,6,5,8,True,True,True,4
d4rl,51,7,6,29,True,True,True,5
d4rl,52,2,1,1,False,False,False,1
d4rl,53,7,6,6,True,True,True,6
d4rl,54,7,6,20,True,True,True,6
d4rl,55,5,4,4,True,True,True,4
d4rl,56,7,6,6,True,True,True,6
d4rl,57,3,2,2,True,False,False,2
d4rl,58,7,6,35,True,True,True,5
d4rl,59,2,1,1,False,False,False,1
d4rl,60,5,4,4,True,True,True,4
d4rl,61,6,5,8,True,True,True,4
d4rl,62,7,6,18,True,True,True,6
d4rl,63,5,4,4,True,True,True,4
d4rl,64,7,6,10,True,True,True,6
d4rl,65,7,6,9,True,True,True,5
d4rl,66,7,6,39,True,True,True,5
d4rl,67,7,6,11,True,True,True,5
d4rl,68,7,6,6,True,True,True,6
d4rl,69,6,5,7,True,True,True,5
d4rl,70,7,6,15,True,True,True,5
d4rl,71,7,6,22,True,True,True,6
d4rl,72,7,6,11,True,True,True,5
d4rl,73,7,6,11,True,True,True,5
d4rl,74,7,6,24,True,True,True,6
d4rl,75,3,2,2,True,False,False,2
d4rl,76,6,5,5,True,True,True,5
d4rl,77,7,6,13,True,True,True,5
d4rl,78,7,6,6,True,True,True,6
d4rl,79,7,6,14,True,True,True,6
d4rl,80,7,6,13,True,True,True,5
d4rl,81,7,6,6,True,True,True,6
d4rl,82,6,5,5,True,True,True,5
d4rl,83,6,5,7,True,True,True,5
d4rl,84,7,6,15,True,True,True,5
d4rl,85,7,6,34,True,True,True,6
d4rl,86,7,6,37,True,True,True,5
d4rl,87,6,5,7,True,True,True,5
d4rl,88,7,6,10,True,True,True,6
d4rl,89,6,5,9,True,True,True,5
d4rl,90,6,5,7,True,True,True,5
d4rl,91,6,5,5,True,True,True,5
d4rl,92,7,6,10,True,True,True,6
d4rl,93,7,6,8,True,True,True,6
d4rl,94,6,5,7,True,True,True,5
d4rl,95,7,6,9,True,True,True,5
d4rl,96,6,5,5,True,True,True,5
d4rl,97,7,6,38,True,True,True,6
d4rl,98,7,6,12,True,True,True,6
d4rl,99,7,6,13,True,True,True,5
d4rl,100,7,6,11,True,True,True,5
d4rl,101,7,6,45,True,True,True,5
d4rl,102,7,6,10,True,True,True,6
d4rl,103,7,6,18,True,True,True,6
d4rl,104,7,6,6,True,True,True,6
d4rl,105,6,5,7,True,True,True,5
d4rl,106,7,6,6,True,True,True,6
d4rl,107,6,5,5,True,True,True,5
d4rl,108,7,6,21,True,True,True,5
d4rl,109,7,6,22,True,True,True,6
d4rl,110,7,6,27,True,True,True,5
d4rl,111,7,6,13,True,True,True,5
d4rl,112,7,6,13,True,True,True,5
d4rl,113,5,4,4,True,True,True,4
d4rl,114,7,6,33,True,True,True,5
d4rl,115,6,5,5,True,True,True,5
d4rl,116,5,4,6,True,True,True,4
d4rl,117,6,5,10,True,True,True,4
d4rl,118,7,6,26,True,True,True,6
d4rl,119,7,6,42,True,True,True,6
d4rl,120,6,5,5,True,True,True,5
d4rl,121,7,6,31,True,True,True,5
d4rl,122,7,6,8,True,True,True,6
d4rl,123,7,6,14,True,True,True,6
d4rl,124,7,6,6,True,True,True,6
d4rl,125,7,6,10,True,True,True,6
d4rl,126,7,6,7,True,True,True,5
d4rl,127,6,5,7,True,True,True,5
d4rl,128,7,6,11,True,True,True,5
d4rl,129,7,6,24,True,True,True,6
d4rl,130,7,6,18,True,True,True,6
d4rl,131,7,6,17,True,True,True,5
d4rl,132,6,5,9,True,True,True,5
d4rl,133,7,6,26,True,True,True,6
d4rl,134,7,6,6,True,True,True,6
d4rl,135,7,6,9,True,True,True,5
d4rl,136,4,3,3,True,True,False,3
d4rl,137,5,4,4,True,True,True,4
d4rl,138,7,6,17,True,True,True,5
d4rl,139,3,2,2,True,False,False,2
d4rl,140,7,6,26,True,True,True,6
d4rl,141,7,6,39,True,True,True,5
d4rl,142,2,1,1,False,False,False,1
d4rl,143,7,6,20,True,True,True,6
d4rl,144,7,6,19,True,True,True,5
d4rl,145,7,6,17,True,True,True,5
d4rl,146,7,6,8,True,True,True,6
d4rl,147,7,6,6,True,True,True,6
d4rl,148,7,6,20,True,True,True,6
d4rl,149,7,6,37,True,True,True,5
d4rl,150,7,6,41,True,True,True,5
d4rl,151,7,6,12,True,True,True,6
d4rl,152,7,6,14,True,True,True,6
d4rl,153,7,6,15,True,True,True,5
d4rl,154,7,6,13,True,True,True,5
d4rl,155,6,5,6,True,True,True,4
d4rl,156,7,6,17,True,True,True,5
d4rl,157,7,6,41,True,True,True,5
d4rl,158,7,6,24,True,True,True,6
d4rl,159,7,6,12,True,True,True,6
d4rl,160,7,6,8,True,True,True,6
d4rl,161,2,1,1,False,False,False,1
d4rl,162,7,6,19,True,True,True,5
d4rl,163,7,6,8,True,True,True,6
d4rl,164,7,6,9,True,True,True,5
d4rl,165,7,6,19,True,True,True,5
d4rl,166,6,5,5,True,True,True,5
d4rl,167,7,6,15,True,True,True,5
d4rl,168,7,6,11,True,True,True,5
d4rl,169,7,6,33,True,True,True,5
d4rl,170,6,5,6,True,True,True,4
d4rl,171,7,6,19,True,True,True,5
d4rl,172,7,6,20,True,True,True,6
d4rl,173,7,6,19,True,True,True,5
d4rl,174,7,6,36,True,True,True,6
d4rl,175,7,6,16,True,True,True,6
d4rl,176,7,6,10,True,True,True,6
d4rl,177,7,6,8,True,True,True,6
d4rl,178,7,6,15,True,True,True,5
d4rl,179,7,6,18,True,True,True,6
d4rl,180,7,6,14,True,True,True,6
d4rl,181,7,6,44,True,True,True,6
d4rl,182,7,6,37,True,True,True,5
d4rl,183,4,3,8,True,True,False,2
d4rl,184,7,6,28,True,True,True,6
d4rl,185,7,6,12,True,True,True,6
d4rl,186,7,6,10,True,True,True,6
d4rl,187,7,6,27,True,True,True,5
d4rl,188,7,6,29,True,True,True,5
d4rl,189,7,6,16,True,True,True,6
d4rl,190,6,5,5,True,True,True,5
d4rl,191,7,6,10,True,True,True,6
d4rl,192,6,5,5,True,True,True,5
d4rl,193,7,6,51,True,True,True,5
d4rl,194,6,5,6,True,True,True,4
d4rl,195,7,6,19,True,True,True,5
d4rl,196,7,6,21,True,True,True,5
d4rl,197,2,1,1,False,False,False,1
d4rl,198,6,5,11,True,True,True,5
d4rl,199,5,4,4,True,True,True,4
d4rl,200,7,6,27,True,True,True,5
d4rl,201,7,6,27,True,True,True,5
d4rl,202,7,6,9,True,True,True,5
d4rl,203,7,6,12,True,True,True,6
d4rl,204,6,5,5,True,True,True,5
d4rl,205,7,6,12,True,True,True,6
d4rl,206,7,6,18,True,True,True,6
d4rl,207,7,6,17,True,True,True,5
d4rl,208,6,5,5,True,True,True,5
d4rl,209,7,6,19,True,True,True,5
d4rl,210,6,5,5,True,True,True,5
d4rl,211,7,6,6,True,True,True,6
d4rl,212,6,5,5,True,True,True,5
d4rl,213,6,5,5,True,True,True,5
d4rl,214,6,5,5,True,True,True,5
d4rl,215,7,6,25,True,True,True,5
d4rl,216,7,6,13,True,True,True,5
d4rl,217,5,4,4,True,True,True,4
d4rl,218,6,5,5,True,True,True,5
d4rl,219,6,5,7,True,True,True,5
d4rl,220,7,6,7,True,True,True,5
d4rl,221,7,6,30,True,True,True,6
d4rl,222,5,4,8,True,True,True,4
d4rl,223,7,6,10,True,True,True,6
d4rl,224,6,5,8,True,True,True,4
d4rl,225,7,6,6,True,True,True,6
d4rl,226,7,6,8,True,True,True,6
d4rl,227,7,6,9,True,True,True,5
d4rl,228,7,6,30,True,True,True,6
d4rl,229,6,5,5,True,True,True,5
d4rl,230,3,2,2,True,False,False,2
d4rl,231,7,6,6,True,True,True,6
d4rl,232,6,5,5,True,True,True,5
d4rl,233,2,1,1,False,False,False,1
d4rl,234,2,1,1,False,False,False,1
d4rl,235,6,5,5,True,True,True,5
d4rl,236,7,6,14,True,True,True,6
d4rl,237,7,6,6,True,True,True,6
d4rl,238,7,6,6,True,True,True,6
d4rl,239,5,4,6,True,True,True,4
d4rl,240,7,6,10,True,True,True,6
d4rl,241,7,6,6,True,True,True,6
d4rl,242,7,6,6,True,True,True,6
d4rl,243,7,6,9,True,True,True,5
d4rl,244,7,6,17,True,True,True,5
d4rl,245,7,6,6,True,True,True,6
d4rl,246,7,6,18,True,True,True,6
d4rl,247,7,6,13,True,True,True,5
d4rl,248,7,6,12,True,True,True,6
d4rl,249,7,6,11,True,True,True,5
d4rl,250,4,3,5,True,True,False,3
d4rl,251,7,6,14,True,True,True,6
d4rl,252,7,6,29,True,True,True,5
d4rl,253,5,4,4,True,True,True,4
d4rl,254,3,2,2,True,False,False,2
d4rl,255,7,6,20,True,True,True,6
d4rl,256,7,6,12,True,True,True,6
d4rl,257,7,6,25,True,True,True,5
d4rl,258,7,6,13,True,True,True,5
d4rl,259,7,6,28,True,True,True,6
d4rl,260,6,5,5,True,True,True,5
d4rl,261,7,6,19,True,True,True,5
d4rl,262,5,4,8,True,True,True,4
d4rl,263,7,6,46,True,True,True,6
d4rl,264,7,6,10,True,True,True,6
d4rl,265,7,6,39,True,True,True,5
d4rl,266,7,6,36,True,True,True,6
d4rl,267,7,6,24,True,True,True,6
d4rl,268,6,5,5,True,True,True,5
d4rl,269,6,5,5,True,True,True,5
d4rl,270,7,6,6,True,True,True,6
d4rl,271,6,5,9,True,True,True,5
d4rl,272,7,6,37,True,True,True,5
d4rl,273,7,6,17,True,True,True,5
d4rl,274,6,5,5,True,True,True,5
d4rl,275,7,6,7,True,True,True,5
d4rl,276,6,5,5,True,True,True,5
d4rl,277,7,6,20,True,True,True,6
d4rl,278,3,2,2,True,False,False,2
d4rl,279,7,6,8,True,True,True,6
d4rl,280,7,6,8,True,True,True,6
d4rl,281,7,6,15,True,True,True,5
d4rl,282,6,5,7,True,True,True,5
d4rl,283,7,6,36,True,True,True,6
d4rl,284,4,3,5,True,True,False,3
d4rl,285,7,6,13,True,True,True,5
d4rl,286,4,3,9,True,True,False,3
d4rl,287,7,6,41,True,True,True,5
d4rl,288,5,4,4,True,True,True,4
d4rl,289,7,6,21,True,True,True,5
d4rl,290,6,5,6,True,True,True,4
d4rl,291,7,6,8,True,True,True,6
d4rl,292,7,6,11,True,True,True,5
d4rl,293,7,6,6,True,True,True,6
d4rl,294,7,6,24,True,True,True,6
d4rl,295,7,6,45,True,True,True,5
d4rl,296,7,6,29,True,True,True,5
d4rl,297,7,6,40,True,True,True,6
d4rl,298,7,6,30,True,True,True,6
d4rl,299,7,6,27,True,True,True,5
d4rl,300,7,6,11,True,True,True,5
d4rl,301,7,6,13,True,True,True,5
d4rl,302,6,5,8,True,True,True,4
d4rl,303,7,6,20,True,True,True,6
d4rl,304,7,6,20,True,True,True,6
d4rl,305,7,6,41,True,True,True,5
d4rl,306,7,6,16,True,True,True,6
d4rl,307,7,6,32,True,True,True,6
d4rl,308,7,6,8,True,True,True,6
d4rl,309,7,6,18,True,True,True,6
d4rl,310,7,6,8,True,True,True,6
d4rl,311,6,5,5,True,True,True,5
d4rl,312,7,6,6,True,True,True,6
d4rl,313,7,6,24,True,True,True,6
d4rl,314,7,6,14,True,True,True,6
d4rl,315,7,6,13,True,True,True,5
d4rl,316,7,6,11,True,True,True,5
d4rl,317,7,6,46,True,True,True,6
d4rl,318,7,6,10,True,True,True,6
d4rl,319,6,5,17,True,True,True,5
d4rl,320,7,6,26,True,True,True,6
d4rl,321,7,6,29,True,True,True,5
d4rl,322,7,6,27,True,True,True,5
d4rl,323,7,6,8,True,True,True,6
d4rl,324,4,3,4,True,True,False,2
d4rl,325,7,6,6,True,True,True,6
d4rl,326,7,6,18,True,True,True,6
d4rl,327,6,5,5,True,True,True,5
d4rl,328,4,3,3,True,True,False,3
d4rl,329,7,6,26,True,True,True,6
d4rl,330,7,6,24,True,True,True,6
d4rl,331,7,6,34,True,True,True,6
d4rl,332,2,1,1,False,False,False,1
d4rl,333,7,6,11,True,True,True,5
d4rl,334,7,6,6,True,True,True,6
d4rl,335,5,4,4,True,True,True,4
d4rl,336,7,6,29,True,True,True,5
d4rl,337,6,5,7,True,True,True,5
d4rl,338,7,6,25,True,True,True,5
d4rl,339,7,6,11,True,True,True,5
d4rl,340,6,5,5,True,True,True,5
d4rl,341,7,6,19,True,True,True,5
d4rl,342,7,6,22,True,True,True,6
d4rl,343,7,6,13,True,True,True,5
d4rl,344,7,6,16,True,True,True,6
d4rl,345,7,6,11,True,True,True,5
d4rl,346,7,6,14,True,True,True,6
d4rl,347,7,6,35,True,True,True,5
d4rl,348,6,5,5,True,True,True,5
d4rl,349,7,6,11,True,True,True,5
d4rl,350,7,6,56,True,True,True,6
d4rl,351,6,5,7,True,True,True,5
d4rl,352,5,4,6,True,True,True,4
d4rl,353,6,5,7,True,True,True,5
d4rl,354,5,4,4,True,True,True,4
d4rl,355,7,6,26,True,True,True,6
d4rl,356,7,6,29,True,True,True,5
d4rl,357,7,6,17,True,True,True,5
d4rl,358,6,5,5,True,True,True,5
d4rl,359,7,6,32,True,True,True,6
d4rl,360,5,4,4,True,True,True,4
d4rl,361,7,6,7,True,True,True,5
d4rl,362,7,6,6,True,True,True,6
d4rl,363,5,4,4,True,True,True,4
d4rl,364,7,6,13,True,True,True,5
d4rl,365,7,6,28,True,True,True,6
d4rl,366,7,6,55,True,True,True,5
d4rl,367,7,6,22,True,True,True,6
d4rl,368,5,4,10,True,True,True,4
d4rl,369,7,6,8,True,True,True,6
d4rl,370,7,6,16,True,True,True,6
d4rl,371,7,6,6,True,True,True,6
d4rl,372,7,6,6,True,True,True,6
d4rl,373,7,6,6,True,True,True,6
d4rl,374,5,4,6,True,True,True,4
d4rl,375,6,5,11,True,True,True,5
d4rl,376,7,6,33,True,True,True,5
d4rl,377,7,6,8,True,True,True,6
d4rl,378,7,6,23,True,True,True,5
d4rl,379,7,6,35,True,True,True,5
d4rl,380,4,3,3,True,True,False,3
d4rl,381,7,6,8,True,True,True,6
d4rl,382,7,6,25,True,True,True,5
d4rl,383,7,6,6,True,True,True,6
d4rl,384,7,6,34,True,True,True,6
d4rl,385,7,6,6,True,True,True,6
d4rl,386,5,4,4,True,True,True,4
d4rl,387,7,6,33,True,True,True,5
d4rl,388,7,6,22,True,True,True,6
d4rl,389,5,4,4,True,True,True,4
d4rl,390,7,6,36,True,True,True,6
d4rl,391,4,3,3,True,True,False,3
d4rl,392,7,6,10,True,True,True,6
d4rl,393,7,6,6,True,True,True,6
d4rl,394,5,4,4,True,True,True,4
d4rl,395,2,1,1,False,False,False,1
d4rl,396,7,6,22,True,True,True,6
d4rl,397,5,4,14,True,True,True,4
d4rl,398,3,2,2,True,False,False,2
d4rl,399,7,6,33,True,True,True,5
d4rl,400,5,4,8,True,True,True,4
d4rl,401,7,6,30,True,True,True,6
d4rl,402,7,6,56,True,True,True,6
d4rl,403,7,6,6,True,True,True,6
d4rl,404,2,1,24,True,False,False,0
d4rl,405,7,6,36,True,True,True,6
d4rl,406,7,6,9,True,True,True,5
d4rl,407,7,6,26,True,True,True,6
d4rl,408,7,6,20,True,True,True,6
d4rl,409,4,3,3,True,True,False,3
d4rl,410,7,6,10,True,True,True,6
d4rl,411,7,6,8,True,True,True,6
d4rl,412,7,6,6,True,True,True,6
d4rl,413,7,6,12,True,True,True,6
d4rl,414,6,5,5,True,True,True,5
d4rl,415,7,6,34,True,True,True,6
d4rl,416,7,6,8,True,True,True,6
d4rl,417,5,4,4,True,True,True,4
d4rl,418,6,5,8,True,True,True,4
d4rl,419,7,6,24,True,True,True,6
d4rl,420,5,4,4,True,True,True,4
d4rl,421,7,6,13,True,True,True,5
d4rl,422,6,5,5,True,True,True,5
d4rl,423,5,4,4,True,True,True,4
d4rl,424,7,6,7,True,True,True,5
d4rl,425,7,6,21,True,True,True,5
d4rl,426,7,6,26,True,True,True,6
d4rl,427,6,5,5,True,True,True,5
d4rl,428,7,6,9,True,True,True,5
d4rl,429,7,6,6,True,True,True,6
d4rl,430,7,6,6,True,True,True,6
d4rl,431,7,6,47,True,True,True,5
d4rl,432,7,6,8,True,True,True,6
d4rl,433,7,6,39,True,True,True,5
d4rl,434,7,6,39,True,True,True,5
d4rl,435,5,4,14,True,True,True,4
d4rl,436,7,6,16,True,True,True,6
d4rl,437,6,5,5,True,True,True,5
d4rl,438,6,5,5,True,True,True,5
d4rl,439,7,6,17,True,True,True,5
d4rl,440,7,6,47,True,True,True,5
d4rl,441,5,4,4,True,True,True,4
d4rl,442,7,6,33,True,True,True,5
d4rl,443,6,5,6,True,True,True,4
d4rl,444,4,3,7,True,True,False,3
d4rl,445,6,5,5,True,True,True,5
d4rl,446,7,6,21,True,True,True,5
d4rl,447,7,6,10,True,True,True,6
d4rl,448,6,5,7,True,True,True,5
d4rl,449,7,6,10,True,True,True,6
d4rl,450,6,5,5,True,True,True,5
d4rl,451,7,6,18,True,True,True,6
d4rl,452,6,5,7,True,True,True,5
d4rl,453,3,2,2,True,False,False,2
d4rl,454,7,6,6,True,True,True,6
d4rl,455,7,6,14,True,True,True,6
d4rl,456,3,2,2,True,False,False,2
d4rl,457,7,6,34,True,True,True,6
d4rl,458,7,6,25,True,True,True,5
d4rl,459,7,6,22,True,True,True,6
d4rl,460,5,4,4,True,True,True,4
d4rl,461,5,4,4,True,True,True,4
d4rl,462,6,5,5,True,True,True,5
d4rl,463,7,6,20,True,True,True,6
d4rl,464,5,4,4,True,True,True,4
d4rl,465,7,6,9,True,True,True,5
d4rl,466,7,6,31,True,True,True,5
d4rl,467,6,5,5,True,True,True,5
d4rl,468,7,6,30,True,True,True,6
d4rl,469,7,6,11,True,True,True,5
d4rl,470,7,6,33,True,True,True,5
d4rl,471,7,6,13,True,True,True,5
d4rl,472,7,6,25,True,True,True,5
d4rl,473,7,6,17,True,True,True,5
d4rl,474,6,5,5,True,True,True,5
d4rl,475,7,6,11,True,True,True,5
d4rl,476,2,1,1,False,False,False,1
d4rl,477,7,6,21,True,True,True,5
d4rl,478,7,6,16,True,True,True,6
d4rl,479,7,6,26,True,True,True,6
d4rl,480,7,6,27,True,True,True,5
d4rl,481,7,6,14,True,True,True,6
d4rl,482,7,6,7,True,True,True,5
d4rl,483,7,6,11,True,True,True,5
d4rl,484,7,6,20,True,True,True,6
d4rl,485,7,6,6,True,True,True,6
d4rl,486,7,6,10,True,True,True,6
d4rl,487,6,5,6,True,True,True,4
d4rl,488,3,2,2,True,False,False,2
d4rl,489,7,6,29,True,True,True,5
d4rl,490,5,4,4,True,True,True,4
d4rl,491,7,6,14,True,True,True,6
d4rl,492,6,5,6,True,True,True,4
d4rl,493,7,6,9,True,True,True,5
d4rl,494,2,1,1,False,False,False,1
d4rl,495,6,5,5,True,True,True,5
d4rl,496,7,6,8,True,True,True,6
d4rl,497,7,6,11,True,True,True,5
d4rl,498,7,6,28,True,True,True,6
d4rl,499,7,6,8,True,True,True,6
d4rl,500,7,6,6,True,True,True,6
d4rl,501,7,6,6,True,True,True,6
d4rl,502,5,4,4,True,True,True,4
d4rl,503,7,6,31,True,True,True,5
d4rl,504,7,6,32,True,True,True,6
d4rl,505,7,6,6,True,True,True,6
d4rl,506,7,6,21,True,True,True,5
d4rl,507,7,6,21,True,True,True,5
d4rl,508,7,6,9,True,True,True,5
d4rl,509,6,5,7,True,True,True,5
d4rl,510,7,6,8,True,True,True,6
d4rl,511,7,6,11,True,True,True,5
d4rl,512,7,6,45,True,True,True,5
d4rl,513,6,5,8,True,True,True,4
d4rl,514,7,6,8,True,True,True,6
d4rl,515,6,5,6,True,True,True,4
d4rl,516,7,6,27,True,True,True,5
d4rl,517,7,6,12,True,True,True,6
d4rl,518,5,4,6,True,True,True,4
d4rl,519,7,6,6,True,True,True,6
d4rl,520,7,6,6,True,True,True,6
d4rl,521,6,5,11,True,True,True,5
d4rl,522,6,5,7,True,True,True,5
d4rl,523,5,4,6,True,True,True,4
d4rl,524,7,6,15,True,True,True,5
d4rl,525,7,6,9,True,True,True,5
d4rl,526,6,5,5,True,True,True,5
d4rl,527,7,6,6,True,True,True,6
d4rl,528,7,6,16,True,True,True,6
d4rl,529,2,1,1,False,False,False,1
d4rl,530,6,5,5,True,True,True,5
d4rl,531,7,6,10,True,True,True,6
d4rl,532,6,5,5,True,True,True,5
d4rl,533,6,5,5,True,True,True,5
d4rl,534,7,6,37,True,True,True,5
d4rl,535,6,5,7,True,True,True,5
d4rl,536,7,6,21,True,True,True,5
d4rl,537,5,4,4,True,True,True,4
d4rl,538,7,6,7,True,True,True,5
d4rl,539,7,6,6,True,True,True,6
d4rl,540,7,6,39,True,True,True,5
d4rl,541,6,5,5,True,True,True,5
d4rl,542,6,5,5,True,True,True,5
d4rl,543,7,6,18,True,True,True,6
d4rl,544,7,6,31,True,True,True,5
d4rl,545,3,2,2,True,False,False,2
d4rl,546,7,6,12,True,True,True,6
d4rl,547,6,5,7,True,True,True,5
d4rl,548,6,5,5,True,True,True,5
d4rl,549,7,6,39,True,True,True,5
d4rl,550,7,6,24,True,True,True,6
d4rl,551,7,6,12,True,True,True,6
d4rl,552,7,6,23,True,True,True,5
d4rl,553,7,6,8,True,True,True,6
d4rl,554,7,6,10,True,True,True,6
d4rl,555,7,6,17,True,True,True,5
d4rl,556,5,4,4,True,True,True,4
d4rl,557,3,2,6,True,False,False,2
d4rl,558,7,6,9,True,True,True,5
d4rl,559,6,5,5,True,True,True,5
d4rl,560,6,5,9,True,True,True,5
d4rl,561,7,6,16,True,True,True,6
d4rl,562,7,6,30,True,True,True,6
d4rl,563,7,6,26,True,True,True,6
d4rl,564,7,6,10,True,True,True,6
d4rl,565,7,6,21,True,True,True,5
d4rl,566,7,6,11,True,True,True,5
d4rl,567,7,6,10,True,True,True,6
d4rl,568,7,6,9,True,True,True,5
d4rl,569,4,3,3,True,True,False,3
d4rl,570,7,6,18,True,True,True,6
d4rl,571,5,4,5,True,True,True,3
d4rl,572,7,6,6,True,True,True,6
d4rl,573,7,6,13,True,True,True,5
d4rl,574,7,6,15,True,True,True,5
d4rl,575,5,4,4,True,True,True,4
d4rl,576,7,6,10,True,True,True,6
d4rl,577,7,6,32,True,True,True,6
d4rl,578,7,6,17,True,True,True,5
d4rl,579,6,5,6,True,True,True,4
d4rl,580,7,6,22,True,True,True,6
d4rl,581,7,6,39,True,True,True,5
d4rl,582,7,6,23,True,True,True,5
d4rl,583,7,6,16,True,True,True,6
d4rl,584,6,5,5,True,True,True,5
d4rl,585,7,6,37,True,True,True,5
d4rl,586,7,6,6,True,True,True,6
d4rl,587,3,2,2,True,False,False,2
d4rl,588,7,6,34,True,True,True,6
d4rl,589,7,6,16,True,True,True,6
d4rl,590,7,6,34,True,True,True,6
d4rl,591,7,6,8,True,True,True,6
d4rl,592,7,6,20,True,True,True,6
d4rl,593,7,6,14,True,True,True,6
d4rl,594,5,4,4,True,True,True,4
d4rl,595,7,6,10,True,True,True,6
d4rl,596,7,6,6,True,True,True,6
d4rl,597,7,6,10,True,True,True,6
d4rl,598,7,6,6,True,True,True,6
d4rl,599,7,6,10,True,True,True,6
d4rl,600,6,5,5,True,True,True,5
d4rl,601,7,6,16,True,True,True,6
d4rl,602,3,2,2,True,False,False,2
d4rl,603,6,5,5,True,True,True,5
d4rl,604,7,6,12,True,True,True,6
d4rl,605,7,6,50,True,True,True,6
d4rl,606,7,6,17,True,True,True,5
d4rl,607,6,5,9,True,True,True,5
d4rl,608,5,4,4,True,True,True,4
d4rl,609,7,6,9,True,True,True,5
d4rl,610,7,6,21,True,True,True,5
d4rl,611,7,6,9,True,True,True,5
d4rl,612,7,6,29,True,True,True,5
d4rl,613,7,6,13,True,True,True,5
d4rl,614,7,6,10,True,True,True,6
d4rl,615,7,6,16,True,True,True,6
d4rl,616,7,6,6,True,True,True,6
d4rl,617,7,6,35,True,True,True,5
d4rl,618,7,6,16,True,True,True,6
d4rl,619,7,6,8,True,True,True,6
d4rl,620,6,5,7,True,True,True,5
d4rl,621,7,6,13,True,True,True,5
d4rl,622,7,6,27,True,True,True,5
d4rl,623,7,6,12,True,True,True,6
d4rl,624,7,6,15,True,True,True,5
d4rl,625,7,6,13,True,True,True,5
d4rl,626,7,6,39,True,True,True,5
d4rl,627,5,4,4,True,True,True,4
d4rl,628,7,6,15,True,True,True,5
d4rl,629,7,6,10,True,True,True,6
d4rl,630,6,5,5,True,True,True,5
d4rl,631,6,5,5,True,True,True,5
d4rl,632,7,6,56,True,True,True,6
d4rl,633,4,3,5,True,True,False,3
d4rl,634,7,6,10,True,True,True,6
d4rl,635,7,6,14,True,True,True,6
d4rl,636,7,6,37,True,True,True,5
d4rl,637,7,6,8,True,True,True,6
d4rl,638,6,5,6,True,True,True,4
d4rl,639,7,6,19,True,True,True,5
d4rl,640,7,6,17,True,True,True,5
d4rl,641,7,6,9,True,True,True,5
d4rl,642,7,6,12,True,True,True,6
d4rl,643,7,6,8,True,True,True,6
d4rl,644,7,6,14,True,True,True,6
d4rl,645,6,5,5,True,True,True,5
d4rl,646,7,6,22,True,True,True,6
d4rl,647,7,6,8,True,True,True,6
d4rl,648,7,6,20,True,True,True,6
d4rl,649,7,6,8,True,True,True,6
d4rl,650,7,6,11,True,True,True,5
d4rl,651,7,6,11,True,True,True,5
d4rl,652,7,6,17,True,True,True,5
d4rl,653,7,6,12,True,True,True,6
d4rl,654,6,5,12,True,True,True,4
d4rl,655,7,6,20,True,True,True,6
d4rl,656,3,2,2,True,False,False,2
d4rl,657,7,6,36,True,True,True,6
d4rl,658,3,2,2,True,False,False,2
d4rl,659,7,6,30,True,True,True,6
d4rl,660,7,6,8,True,True,True,6
d4rl,661,7,6,10,True,True,True,6
d4rl,662,7,6,27,True,True,True,5
d4rl,663,7,6,19,True,True,True,5
d4rl,664,7,6,7,True,True,True,5
d4rl,665,6,5,20,True,True,True,4
d4rl,666,7,6,21,True,True,True,5
d4rl,667,7,6,17,True,True,True,5
d4rl,668,5,4,4,True,True,True,4
d4rl,669,7,6,27,True,True,True,5
d4rl,670,7,6,8,True,True,True,6
d4rl,671,7,6,15,True,True,True,5
d4rl,672,7,6,39,True,True,True,5
d4rl,673,7,6,10,True,True,True,6
d4rl,674,7,6,17,True,True,True,5
d4rl,675,5,4,4,True,True,True,4
d4rl,676,7,6,30,True,True,True,6
d4rl,677,7,6,24,True,True,True,6
d4rl,678,4,3,3,True,True,False,3
d4rl,679,7,6,9,True,True,True,5
d4rl,680,5,4,6,True,True,True,4
d4rl,681,7,6,21,True,True,True,5
d4rl,682,3,2,2,True,False,False,2
d4rl,683,7,6,20,True,True,True,6
d4rl,684,6,5,9,True,True,True,5
d4rl,685,7,6,25,True,True,True,5
d4rl,686,5,4,4,True,True,True,4
d4rl,687,7,6,23,True,True,True,5
d4rl,688,7,6,8,True,True,True,6
d4rl,689,2,1,1,False,False,False,1
d4rl,690,6,5,6,True,True,True,4
d4rl,691,7,6,8,True,True,True,6
d4rl,692,7,6,16,True,True,True,6
d4rl,693,7,6,11,True,True,True,5
d4rl,694,6,5,22,True,True,True,4
d4rl,695,6,5,9,True,True,True,5
d4rl,696,5,4,4,True,True,True,4
d4rl,697,6,5,5,True,True,True,5
d4rl,698,7,6,36,True,True,True,6
d4rl,699,5,4,4,True,True,True,4
d4rl,700,7,6,8,True,True,True,6
d4rl,701,3,2,3,True,False,False,1
d4rl,702,7,6,14,True,True,True,6
d4rl,703,7,6,11,True,True,True,5
d4rl,704,5,4,4,True,True,True,4
d4rl,705,7,6,14,True,True,True,6
d4rl,706,7,6,24,True,True,True,6
d4rl,707,7,6,8,True,True,True,6
d4rl,708,7,6,30,True,True,True,6
d4rl,709,7,6,10,True,True,True,6
d4rl,710,5,4,4,True,True,True,4
d4rl,711,7,6,36,True,True,True,6
d4rl,712,7,6,9,True,True,True,5
d4rl,713,6,5,5,True,True,True,5
d4rl,714,5,4,4,True,True,True,4
d4rl,715,7,6,6,True,True,True,6
d4rl,716,7,6,23,True,True,True,5
d4rl,717,7,6,47,True,True,True,5
d4rl,718,6,5,12,True,True,True,4
d4rl,719,7,6,15,True,True,True,5
d4rl,720,6,5,6,True,True,True,4
d4rl,721,7,6,13,True,True,True,5
d4rl,722,7,6,16,True,True,True,6
d4rl,723,7,6,11,True,True,True,5
d4rl,724,7,6,13,True,True,True,5
d4rl,725,7,6,15,True,True,True,5
d4rl,726,7,6,10,True,True,True,6
d4rl,727,2,1,1,False,False,False,1
d4rl,728,4,3,3,True,True,False,3
d4rl,729,7,6,23,True,True,True,5
d4rl,730,7,6,17,True,True,True,5
d4rl,731,7,6,20,True,True,True,6
d4rl,732,7,6,6,True,True,True,6
d4rl,733,7,6,8,True,True,True,6
d4rl,734,7,6,52,True,True,True,6
d4rl,735,7,6,9,True,True,True,5
d4rl,736,5,4,8,True,True,True,4
d4rl,737,7,6,18,True,True,True,6
d4rl,738,7,6,8,True,True,True,6
d4rl,739,7,6,9,True,True,True,5
d4rl,740,5,4,4,True,True,True,4
d4rl,741,7,6,45,True,True,True,5
d4rl,742,6,5,7,True,True,True,5
d4rl,743,7,6,12,True,True,True,6
d4rl,744,7,6,7,True,True,True,5
d4rl,745,7,6,17,True,True,True,5
d4rl,746,7,6,6,True,True,True,6
d4rl,747,7,6,23,True,True,True,5
d4rl,748,6,5,13,True,True,True,5
d4rl,749,6,5,11,True,True,True,5
d4rl,750,7,6,13,True,True,True,5
d4rl,751,7,6,10,True,True,True,6
d4rl,752,7,6,17,True,True,True,5
d4rl,753,7,6,26,True,True,True,6
d4rl,754,7,6,18,True,True,True,6
d4rl,755,7,6,18,True,True,True,6
d4rl,756,6,5,14,True,True,True,4
d4rl,757,7,6,12,True,True,True,6
d4rl,758,7,6,19,True,True,True,5
d4rl,759,7,6,32,True,True,True,6
d4rl,760,7,6,7,True,True,True,5
d4rl,761,6,5,5,True,True,True,5
d4rl,762,5,4,4,True,True,True,4
d4rl,763,7,6,27,True,True,True,5
d4rl,764,7,6,36,True,True,True,6
d4rl,765,7,6,10,True,True,True,6
d4rl,766,7,6,18,True,True,True,6
d4rl,767,7,6,6,True,True,True,6
d4rl,768,7,6,13,True,True,True,5
d4rl,769,7,6,12,True,True,True,6
d4rl,770,7,6,19,True,True,True,5
d4rl,771,7,6,6,True,True,True,6
d4rl,772,7,6,33,True,True,True,5
d4rl,773,7,6,9,True,True,True,5
d4rl,774,7,6,14,True,True,True,6
d4rl,775,5,4,4,True,True,True,4
d4rl,776,7,6,11,True,True,True,5
d4rl,777,7,6,6,True,True,True,6
d4rl,778,7,6,6,True,True,True,6
d4rl,779,6,5,8,True,True,True,4
d4rl,780,7,6,10,True,True,True,6
d4rl,781,7,6,31,True,True,True,5
d4rl,782,7,6,12,True,True,True,6
d4rl,783,7,6,9,True,True,True,5
d4rl,784,7,6,15,True,True,True,5
d4rl,785,7,6,8,True,True,True,6
d4rl,786,7,6,7,True,True,True,5
d4rl,787,7,6,7,True,True,True,5
d4rl,788,7,6,11,True,True,True,5
d4rl,789,7,6,12,True,True,True,6
d4rl,790,6,5,5,True,True,True,5
d4rl,791,7,6,15,True,True,True,5
d4rl,792,7,6,6,True,True,True,6
d4rl,793,7,6,11,True,True,True,5
d4rl,794,7,6,18,True,True,True,6
d4rl,795,7,6,10,True,True,True,6
d4rl,796,6,5,5,True,True,True,5
d4rl,797,7,6,8,True,True,True,6
d4rl,798,7,6,42,True,True,True,6
d4rl,799,7,6,8,True,True,True,6
d4rl,800,6,5,8,True,True,True,4
d4rl,801,6,5,11,True,True,True,5
d4rl,802,7,6,9,True,True,True,5
d4rl,803,7,6,20,True,True,True,6
d4rl,804,6,5,7,True,True,True,5
d4rl,805,7,6,12,True,True,True,6
d4rl,806,7,6,17,True,True,True,5
d4rl,807,7,6,8,True,True,True,6
d4rl,808,7,6,14,True,True,True,6
d4rl,809,7,6,19,True,True,True,5
d4rl,810,3,2,2,True,False,False,2
d4rl,811,7,6,29,True,True,True,5
d4rl,812,7,6,46,True,True,True,6
d4rl,813,5,4,6,True,True,True,4
d4rl,814,7,6,25,True,True,True,5
d4rl,815,7,6,9,True,True,True,5
d4rl,816,6,5,5,True,True,True,5
d4rl,817,6,5,5,True,True,True,5
d4rl,818,7,6,13,True,True,True,5
d4rl,819,7,6,27,True,True,True,5
d4rl,820,6,5,9,True,True,True,5
d4rl,821,7,6,9,True,True,True,5
d4rl,822,7,6,14,True,True,True,6
d4rl,823,6,5,5,True,True,True,5
d4rl,824,7,6,9,True,True,True,5
d4rl,825,2,1,1,False,False,False,1
d4rl,826,7,6,47,True,True,True,5
d4rl,827,7,6,19,True,True,True,5
d4rl,828,7,6,30,True,True,True,6
d4rl,829,7,6,12,True,True,True,6
d4rl,830,7,6,18,True,True,True,6
d4rl,831,7,6,6,True,True,True,6
d4rl,832,7,6,6,True,True,True,6
d4rl,833,7,6,10,True,True,True,6
d4rl,834,7,6,13,True,True,True,5
d4rl,835,7,6,11,True,True,True,5
d4rl,836,7,6,24,True,True,True,6
d4rl,837,7,6,16,True,True,True,6
d4rl,838,7,6,37,True,True,True,5
d4rl,839,6,5,5,True,True,True,5
d4rl,840,7,6,26,True,True,True,6
d4rl,841,6,5,5,True,True,True,5
d4rl,842,7,6,28,True,True,True,6
d4rl,843,7,6,16,True,True,True,6
d4rl,844,3,2,6,True,False,False,2
d4rl,845,6,5,5,True,True,True,5
d4rl,846,6,5,7,True,True,True,5
d4rl,847,7,6,22,True,True,True,6
d4rl,848,2,1,1,False,False,False,1
d4rl,849,7,6,15,True,True,True,5
d4rl,850,6,5,5,True,True,True,5
d4rl,851,7,6,11,True,True,True,5
d4rl,852,7,6,9,True,True,True,5
d4rl,853,7,6,8,True,True,True,6
d4rl,854,7,6,24,True,True,True,6
d4rl,855,7,6,7,True,True,True,5
d4rl,856,5,4,4,True,True,True,4
d4rl,857,6,5,7,True,True,True,5
d4rl,858,7,6,22,True,True,True,6
d4rl,859,7,6,7,True,True,True,5
d4rl,860,6,5,7,True,True,True,5
d4rl,861,6,5,13,True,True,True,5
d4rl,862,6,5,5,True,True,True,5
d4rl,863,5,4,4,True,True,True,4
d4rl,864,7,6,11,True,True,True,5
d4rl,865,7,6,32,True,True,True,6
d4rl,866,7,6,8,True,True,True,6
d4rl,867,7,6,6,True,True,True,6
d4rl,868,6,5,5,True,True,True,5
d4rl,869,7,6,12,True,True,True,6
d4rl,870,7,6,6,True,True,True,6
d4rl,871,7,6,27,True,True,True,5
d4rl,872,7,6,31,True,True,True,5
d4rl,873,7,6,6,True,True,True,6
d4rl,874,7,6,28,True,True,True,6
d4rl,875,7,6,11,True,True,True,5
d4rl,876,7,6,16,True,True,True,6
d4rl,877,7,6,6,True,True,True,6
d4rl,878,6,5,5,True,True,True,5
d4rl,879,6,5,9,True,True,True,5
d4rl,880,7,6,7,True,True,True,5
d4rl,881,7,6,6,True,True,True,6
d4rl,882,7,6,6,True,True,True,6
d4rl,883,7,6,10,True,True,True,6
d4rl,884,4,3,7,True,True,False,3
d4rl,885,7,6,32,True,True,True,6
d4rl,886,7,6,9,True,True,True,5
d4rl,887,7,6,27,True,True,True,5
d4rl,888,7,6,26,True,True,True,6
d4rl,889,7,6,8,True,True,True,6
d4rl,890,5,4,4,True,True,True,4
d4rl,891,7,6,12,True,True,True,6
d4rl,892,7,6,49,True,True,True,5
d4rl,893,7,6,10,True,True,True,6
d4rl,894,7,6,11,True,True,True,5
d4rl,895,7,6,7,True,True,True,5
d4rl,896,7,6,12,True,True,True,6
d4rl,897,2,1,1,False,False,False,1
d4rl,898,6,5,11,True,True,True,5
d4rl,899,7,6,20,True,True,True,6
d4rl,900,7,6,31,True,True,True,5
d4rl,901,5,4,4,True,True,True,4
d4rl,902,6,5,5,True,True,True,5
d4rl,903,6,5,5,True,True,True,5
d4rl,904,6,5,7,True,True,True,5
d4rl,905,7,6,21,True,True,True,5
d4rl,906,7,6,30,True,True,True,6
d4rl,907,3,2,2,True,False,False,2
d4rl,908,7,6,20,True,True,True,6
d4rl,909,7,6,17,True,True,True,5
d4rl,910,6,5,5,True,True,True,5
d4rl,911,7,6,12,True,True,True,6
d4rl,912,7,6,7,True,True,True,5
d4rl,913,7,6,15,True,True,True,5
d4rl,914,7,6,30,True,True,True,6
d4rl,915,7,6,27,True,True,True,5
d4rl,916,7,6,13,True,True,True,5
d4rl,917,7,6,6,True,True,True,6
d4rl,918,6,5,11,True,True,True,5
d4rl,919,7,6,40,True,True,True,6
d4rl,920,6,5,5,True,True,True,5
d4rl,921,6,5,5,True,True,True,5
d4rl,922,2,1,1,False,False,False,1
d4rl,923,7,6,6,True,True,True,6
d4rl,924,7,6,6,True,True,True,6
d4rl,925,7,6,13,True,True,True,5
d4rl,926,7,6,40,True,True,True,6
d4rl,927,7,6,7,True,True,True,5
d4rl,928,3,2,2,True,False,False,2
d4rl,929,6,5,7,True,True,True,5
d4rl,930,7,6,28,True,True,True,6
d4rl,931,7,6,13,True,True,True,5
d4rl,932,7,6,25,True,True,True,5
d4rl,933,6,5,5,True,True,True,5
d4rl,934,7,6,17,True,True,True,5
d4rl,935,2,1,1,False,False,False,1
d4rl,936,7,6,38,True,True,True,6
d4rl,937,7,6,9,True,True,True,5
d4rl,938,6,5,5,True,True,True,5
d4rl,939,2,1,1,False,False,False,1
d4rl,940,6,5,5,True,True,True,5
d4rl,941,7,6,12,True,True,True,6
d4rl,942,6,5,5,True,True,True,5
d4rl,943,7,6,6,True,True,True,6
d4rl,944,6,5,7,True,True,True,5
d4rl,945,6,5,5,True,True,True,5
d4rl,946,3,2,2,True,False,False,2
d4rl,947,7,6,43,True,True,True,5
d4rl,948,7,6,20,True,True,True,6
d4rl,949,7,6,15,True,True,True,5
d4rl,950,7,6,10,True,True,True,6
d4rl,951,6,5,11,True,True,True,5
d4rl,952,7,6,10,True,True,True,6
d4rl,953,7,6,12,True,True,True,6
d4rl,954,6,5,10,True,True,True,4
d4rl,955,6,5,7,True,True,True,5
d4rl,956,5,4,6,True,True,True,4
d4rl,957,5,4,4,True,True,True,4
d4rl,958,6,5,5,True,True,True,5
d4rl,959,7,6,24,True,True,True,6
d4rl,960,7,6,13,True,True,True,5
d4rl,961,7,6,10,True,True,True,6
d4rl,962,7,6,16,True,True,True,6
d4rl,963,7,6,18,True,True,True,6
d4rl,964,5,4,4,True,True,True,4
d4rl,965,7,6,22,True,True,True,6
d4rl,966,7,6,21,True,True,True,5
d4rl,967,6,5,5,True,True,True,5
d4rl,968,7,6,28,True,True,True,6
d4rl,969,7,6,21,True,True,True,5
d4rl,970,7,6,41,True,True,True,5
d4rl,971,6,5,7,True,True,True,5
d4rl,972,7,6,13,True,True,True,5
d4rl,973,6,5,5,True,True,True,5
d4rl,974,6,5,5,True,True,True,5
d4rl,975,7,6,14,True,True,True,6
d4rl,976,7,6,10,True,True,True,6
d4rl,977,4,3,5,True,True,False,3
d4rl,978,6,5,5,True,True,True,5
d4rl,979,7,6,23,True,True,True,5
d4rl,980,7,6,8,True,True,True,6
d4rl,981,6,5,5,True,True,True,5
d4rl,982,6,5,7,True,True,True,5
d4rl,983,7,6,15,True,True,True,5
d4rl,984,7,6,13,True,True,True,5
d4rl,985,7,6,42,True,True,True,6
d4rl,986,7,6,39,True,True,True,5
d4rl,987,7,6,11,True,True,True,5
d4rl,988,7,6,16,True,True,True,6
d4rl,989,7,6,8,True,True,True,6
d4rl,990,7,6,6,True,True,True,6
d4rl,991,7,6,28,True,True,True,6
d4rl,992,7,6,17,True,True,True,5
d4rl,993,7,6,37,True,True,True,5
d4rl,994,6,5,8,True,True,True,4
d4rl,995,7,6,24,True,True,True,6
d4rl,996,5,4,4,True,True,True,4
d4rl,997,7,6,10,True,True,True,6
d4rl,998,7,6,12,True,True,True,6
d4rl,999,5,4,4,True,True,True,4
d4rl,1000,7,6,8,True,True,True,6
d4rl,1001,4,3,4,True,True,False,2
d4rl,1002,7,6,6,True,True,True,6
d4rl,1003,7,6,12,True,True,True,6
d4rl,1004,4,3,4,True,True,False,2
d4rl,1005,6,5,7,True,True,True,5
d4rl,1006,7,6,49,True,True,True,5
d4rl,1007,6,5,7,True,True,True,5
d4rl,1008,7,6,7,True,True,True,5
d4rl,1009,7,6,18,True,True,True,6
d4rl,1010,7,6,36,True,True,True,6
d4rl,1011,7,6,43,True,True,True,5
d4rl,1012,7,6,25,True,True,True,5
d4rl,1013,6,5,5,True,True,True,5
d4rl,1014,7,6,6,True,True,True,6
d4rl,1015,7,6,24,True,True,True,6
d4rl,1016,6,5,5,True,True,True,5
d4rl,1017,7,6,6,True,True,True,6
d4rl,1018,5,4,10,True,True,True,4
d4rl,1019,7,6,13,True,True,True,5
d4rl,1020,7,6,6,True,True,True,6
d4rl,1021,7,6,7,True,True,True,5
d4rl,1022,7,6,27,True,True,True,5
d4rl,1023,7,6,6,True,True,True,6
d4rl,1024,5,4,8,True,True,True,4
d4rl,1025,2,1,1,False,False,False,1
d4rl,1026,7,6,6,True,True,True,6
d4rl,1027,7,6,33,True,True,True,5
d4rl,1028,7,6,38,True,True,True,6
d4rl,1029,7,6,8,True,True,True,6
d4rl,1030,7,6,19,True,True,True,5
d4rl,1031,7,6,21,True,True,True,5
d4rl,1032,6,5,5,True,True,True,5
d4rl,1033,2,1,1,False,False,False,1
d4rl,1034,7,6,6,True,True,True,6
d4rl,1035,7,6,10,True,True,True,6
d4rl,1036,6,5,5,True,True,True,5
d4rl,1037,7,6,14,True,True,True,6
d4rl,1038,6,5,5,True,True,True,5
d4rl,1039,7,6,47,True,True,True,5
d4rl,1040,6,5,5,True,True,True,5
d4rl,1041,7,6,8,True,True,True,6
d4rl,1042,6,5,10,True,True,True,4
d4rl,1043,6,5,5,True,True,True,5
d4rl,1044,7,6,7,True,True,True,5
d4rl,1045,7,6,7,True,True,True,5
d4rl,1046,7,6,6,True,True,True,6
d4rl,1047,3,2,2,True,False,False,2
d4rl,1048,2,1,3,True,False,False,1
d4rl,1049,6,5,5,True,True,True,5
d4rl,1050,7,6,19,True,True,True,5
d4rl,1051,7,6,10,True,True,True,6
d4rl,1052,7,6,25,True,True,True,5
d4rl,1053,7,6,33,True,True,True,5
d4rl,1054,7,6,13,True,True,True,5
d4rl,1055,7,6,6,True,True,True,6
d4rl,1056,7,6,30,True,True,True,6
d4rl,1057,7,6,8,True,True,True,6
d4rl,1058,7,6,7,True,True,True,5
d4rl,1059,7,6,8,True,True,True,6
d4rl,1060,2,1,1,False,False,False,1
d4rl,1061,6,5,5,True,True,True,5
d4rl,1062,7,6,10,True,True,True,6
d4rl,1063,5,4,4,True,True,True,4
d4rl,1064,6,5,5,True,True,True,5
d4rl,1065,6,5,9,True,True,True,5
d4rl,1066,7,6,12,True,True,True,6
d4rl,1067,5,4,4,True,True,True,4
d4rl,1068,7,6,14,True,True,True,6
d4rl,1069,6,5,7,True,True,True,5
d4rl,1070,7,6,20,True,True,True,6
d4rl,1071,6,5,5,True,True,True,5
d4rl,1072,6,5,11,True,True,True,5
d4rl,1073,4,3,3,True,True,False,3
d4rl,1074,7,6,7,True,True,True,5
d4rl,1075,3,2,2,True,False,False,2
d4rl,1076,7,6,8,True,True,True,6
d4rl,1077,7,6,9,True,True,True,5
d4rl,1078,7,6,31,True,True,True,5
d4rl,1079,7,6,8,True,True,True,6
d4rl,1080,2,1,1,False,False,False,1
d4rl,1081,7,6,10,True,True,True,6
d4rl,1082,6,5,7,True,True,True,5
d4rl,1083,7,6,14,True,True,True,6
d4rl,1084,7,6,29,True,True,True,5
d4rl,1085,4,3,3,True,True,False,3
d4rl,1086,6,5,7,True,True,True,5
d4rl,1087,7,6,20,True,True,True,6
d4rl,1088,7,6,14,True,True,True,6
d4rl,1089,7,6,8,True,True,True,6
d4rl,1090,7,6,10,True,True,True,6
d4rl,1091,7,6,8,True,True,True,6
d4rl,1092,7,6,8,True,True,True,6
d4rl,1093,5,4,4,True,True,True,4
d4rl,1094,2,1,1,False,False,False,1
d4rl,1095,7,6,19,True,True,True,5
d4rl,1096,7,6,21,True,True,True,5
d4rl,1097,6,5,7,True,True,True,5
d4rl,1098,6,5,8,True,True,True,4
d4rl,1099,7,6,23,True,True,True,5
d4rl,1100,3,2,2,True,False,False,2
d4rl,1101,6,5,5,True,True,True,5
d4rl,1102,7,6,20,True,True,True,6
d4rl,1103,7,6,40,True,True,True,6
d4rl,1104,7,6,7,True,True,True,5
d4rl,1105,7,6,9,True,True,True,5
d4rl,1106,7,6,10,True,True,True,6
d4rl,1107,7,6,50,True,True,True,6
d4rl,1108,4,3,10,True,True,False,2
d4rl,1109,7,6,8,True,True,True,6
d4rl,1110,4,3,3,True,True,False,3
d4rl,1111,7,6,8,True,True,True,6
d4rl,1112,7,6,20,True,True,True,6
d4rl,1113,7,6,26,True,True,True,6
d4rl,1114,6,5,5,True,True,True,5
d4rl,1115,3,2,2,True,False,False,2
d4rl,1116,7,6,11,True,True,True,5
d4rl,1117,6,5,5,True,True,True,5
d4rl,1118,7,6,31,True,True,True,5
d4rl,1119,6,5,5,True,True,True,5
d4rl,1120,7,6,7,True,True,True,5
d4rl,1121,7,6,9,True,True,True,5
d4rl,1122,7,6,15,True,True,True,5
d4rl,1123,5,4,4,True,True,True,4
d4rl,1124,6,5,5,True,True,True,5
d4rl,1125,7,6,18,True,True,True,6
d4rl,1126,7,6,35,True,True,True,5
d4rl,1127,7,6,9,True,True,True,5
d4rl,1128,7,6,7,True,True,True,5
d4rl,1129,7,6,27,True,True,True,5
d4rl,1130,7,6,6,True,True,True,6
d4rl,1131,7,6,16,True,True,True,6
d4rl,1132,7,6,44,True,True,True,6
d4rl,1133,5,4,4,True,True,True,4
d4rl,1134,2,1,1,False,False,False,1
d4rl,1135,7,6,6,True,True,True,6
d4rl,1136,6,5,7,True,True,True,5
d4rl,1137,7,6,8,True,True,True,6
d4rl,1138,7,6,11,True,True,True,5
d4rl,1139,7,6,6,True,True,True,6
d4rl,1140,2,1,1,False,False,False,1
d4rl,1141,7,6,7,True,True,True,5
d4rl,1142,7,6,16,True,True,True,6
d4rl,1143,6,5,5,True,True,True,5
d4rl,1144,7,6,11,True,True,True,5
d4rl,1145,7,6,20,True,True,True,6
d4rl,1146,7,6,24,True,True,True,6
d4rl,1147,7,6,18,True,True,True,6
d4rl,1148,7,6,8,True,True,True,6
d4rl,1149,7,6,21,True,True,True,5
d4rl,1150,7,6,20,True,True,True,6
d4rl,1151,7,6,12,True,True,True,6
d4rl,1152,7,6,6,True,True,True,6
d4rl,1153,5,4,4,True,True,True,4
d4rl,1154,7,6,13,True,True,True,5
d4rl,1155,7,6,42,True,True,True,6
d4rl,1156,6,5,5,True,True,True,5
d4rl,1157,6,5,5,True,True,True,5
d4rl,1158,7,6,6,True,True,True,6
d4rl,1159,7,6,6,True,True,True,6
d4rl,1160,5,4,4,True,True,True,4
d4rl,1161,7,6,8,True,True,True,6
d4rl,1162,7,6,23,True,True,True,5
d4rl,1163,7,6,21,True,True,True,5
d4rl,1164,7,6,12,True,True,True,6
d4rl,1165,6,5,7,True,True,True,5
d4rl,1166,7,6,19,True,True,True,5
d4rl,1167,6,5,5,True,True,True,5
d4rl,1168,7,6,27,True,True,True,5
d4rl,1169,7,6,6,True,True,True,6
d4rl,1170,5,4,10,True,True,True,4
d4rl,1171,6,5,8,True,True,True,4
d4rl,1172,7,6,25,True,True,True,5
d4rl,1173,6,5,5,True,True,True,5
d4rl,1174,7,6,39,True,True,True,5
d4rl,1175,5,4,4,True,True,True,4
d4rl,1176,4,3,3,True,True,False,3
d4rl,1177,5,4,4,True,True,True,4
d4rl,1178,7,6,11,True,True,True,5
d4rl,1179,5,4,8,True,True,True,4
d4rl,1180,3,2,2,True,False,False,2
d4rl,1181,5,4,4,True,True,True,4
d4rl,1182,7,6,6,True,True,True,6
d4rl,1183,7,6,9,True,True,True,5
d4rl,1184,7,6,24,True,True,True,6
d4rl,1185,7,6,11,True,True,True,5
d4rl,1186,7,6,6,True,True,True,6
d4rl,1187,7,6,6,True,True,True,6
d4rl,1188,4,3,7,True,True,False,3
d4rl,1189,7,6,24,True,True,True,6
d4rl,1190,7,6,25,True,True,True,5
d4rl,1191,7,6,24,True,True,True,6
d4rl,1192,6,5,5,True,True,True,5
d4rl,1193,7,6,8,True,True,True,6
d4rl,1194,7,6,22,True,True,True,6
d4rl,1195,7,6,8,True,True,True,6
d4rl,1196,3,2,2,True,False,False,2
d4rl,1197,6,5,7,True,True,True,5
d4rl,1198,7,6,9,True,True,True,5
d4rl,1199,7,6,8,True,True,True,6
d4rl,1200,7,6,20,True,True,True,6
d4rl,1201,7,6,8,True,True,True,6
d4rl,1202,5,4,4,True,True,True,4
d4rl,1203,7,6,8,True,True,True,6
d4rl,1204,6,5,10,True,True,True,4
d4rl,1205,7,6,9,True,True,True,5
d4rl,1206,7,6,52,True,True,True,6
d4rl,1207,7,6,46,True,True,True,6
d4rl,1208,7,6,6,True,True,True,6
d4rl,1209,7,6,6,True,True,True,6
d4rl,1210,7,6,7,True,True,True,5
d4rl,1211,7,6,24,True,True,True,6
d4rl,1212,6,5,5,True,True,True,5
d4rl,1213,7,6,14,True,True,True,6
d4rl,1214,6,5,5,True,True,True,5
d4rl,1215,7,6,37,True,True,True,5
d4rl,1216,6,5,5,True,True,True,5
d4rl,1217,7,6,9,True,True,True,5
d4rl,1218,7,6,6,True,True,True,6
d4rl,1219,7,6,51,True,True,True,5
d4rl,1220,6,5,7,True,True,True,5
d4rl,1221,6,5,5,True,True,True,5
d4rl,1222,7,6,12,True,True,True,6
d4rl,1223,5,4,4,True,True,True,4
d4rl,1224,3,2,4,True,False,False,2
d4rl,1225,7,6,7,True,True,True,5
d4rl,1226,7,6,30,True,True,True,6
d4rl,1227,7,6,29,True,True,True,5
d4rl,1228,7,6,6,True,True,True,6
d4rl,1229,7,6,17,True,True,True,5
d4rl,1230,2,1,1,False,False,False,1
d4rl,1231,7,6,39,True,True,True,5
d4rl,1232,7,6,23,True,True,True,5
d4rl,1233,7,6,17,True,True,True,5
d4rl,1234,7,6,23,True,True,True,5
d4rl,1235,7,6,37,True,True,True,5
d4rl,1236,6,5,5,True,True,True,5
d4rl,1237,7,6,13,True,True,True,5
d4rl,1238,7,6,13,True,True,True,5
d4rl,1239,4,3,3,True,True,False,3
d4rl,1240,7,6,6,True,True,True,6
d4rl,1241,6,5,9,True,True,True,5
d4rl,1242,7,6,12,True,True,True,6
d4rl,1243,7,6,45,True,True,True,5
d4rl,1244,7,6,6,True,True,True,6
d4rl,1245,7,6,15,True,True,True,5
d4rl,1246,7,6,24,True,True,True,6
d4rl,1247,7,6,8,True,True,True,6
d4rl,1248,3,2,2,True,False,False,2
d4rl,1249,7,6,6,True,True,True,6
d4rl,1250,7,6,6,True,True,True,6
d4rl,1251,7,6,51,True,True,True,5
d4rl,1252,7,6,6,True,True,True,6
d4rl,1253,7,6,8,True,True,True,6
d4rl,1254,7,6,35,True,True,True,5
d4rl,1255,7,6,42,True,True,True,6
d4rl,1256,7,6,23,True,True,True,5
d4rl,1257,7,6,14,True,True,True,6
d4rl,1258,6,5,7,True,True,True,5
d4rl,1259,7,6,8,True,True,True,6
d4rl,1260,7,6,20,True,True,True,6
d4rl,1261,7,6,10,True,True,True,6
d4rl,1262,7,6,23,True,True,True,5
d4rl,1263,7,6,9,True,True,True,5
d4rl,1264,7,6,6,True,True,True,6
d4rl,1265,6,5,7,True,True,True,5
d4rl,1266,7,6,8,True,True,True,6
d4rl,1267,6,5,8,True,True,True,4
d4rl,1268,7,6,17,True,True,True,5
d4rl,1269,7,6,6,True,True,True,6
d4rl,1270,7,6,30,True,True,True,6
d4rl,1271,7,6,16,True,True,True,6
d4rl,1272,7,6,6,True,True,True,6
d4rl,1273,7,6,10,True,True,True,6
d4rl,1274,5,4,4,True,True,True,4
d4rl,1275,7,6,6,True,True,True,6
d4rl,1276,7,6,26,True,True,True,6
d4rl,1277,7,6,6,True,True,True,6
d4rl,1278,7,6,33,True,True,True,5
d4rl,1279,6,5,9,True,True,True,5
d4rl,1280,7,6,8,True,True,True,6
d4rl,1281,7,6,8,True,True,True,6
d4rl,1282,7,6,7,True,True,True,5
d4rl,1283,7,6,13,True,True,True,5
d4rl,1284,7,6,23,True,True,True,5
d4rl,1285,7,6,7,True,True,True,5
d4rl,1286,6,5,5,True,True,True,5
d4rl,1287,7,6,11,True,True,True,5
d4rl,1288,7,6,6,True,True,True,6
d4rl,1289,7,6,6,True,True,True,6
d4rl,1290,7,6,6,True,True,True,6
d4rl,1291,7,6,7,True,True,True,5
d4rl,1292,7,6,16,True,True,True,6
d4rl,1293,7,6,14,True,True,True,6
d4rl,1294,7,6,26,True,True,True,6
d4rl,1295,7,6,25,True,True,True,5
d4rl,1296,7,6,14,True,True,True,6
d4rl,1297,7,6,11,True,True,True,5
d4rl,1298,7,6,8,True,True,True,6
d4rl,1299,4,3,3,True,True,False,3
d4rl,1300,7,6,11,True,True,True,5
d4rl,1301,7,6,39,True,True,True,5
d4rl,1302,7,6,41,True,True,True,5
d4rl,1303,7,6,6,True,True,True,6
d4rl,1304,7,6,20,True,True,True,6
d4rl,1305,7,6,8,True,True,True,6
d4rl,1306,7,6,16,True,True,True,6
d4rl,1307,7,6,35,True,True,True,5
d4rl,1308,7,6,26,True,True,True,6
d4rl,1309,7,6,27,True,True,True,5
d4rl,1310,5,4,4,True,True,True,4
d4rl,1311,7,6,8,True,True,True,6
d4rl,1312,7,6,6,True,True,True,6
d4rl,1313,6,5,5,True,True,True,5
d4rl,1314,7,6,20,True,True,True,6
d4rl,1315,6,5,5,True,True,True,5
d4rl,1316,7,6,10,True,True,True,6
d4rl,1317,7,6,11,True,True,True,5
d4rl,1318,7,6,6,True,True,True,6
d4rl,1319,6,5,5,True,True,True,5
d4rl,1320,7,6,34,True,True,True,6
d4rl,1321,7,6,6,True,True,True,6
d4rl,1322,7,6,22,True,True,True,6
d4rl,1323,2,1,1,False,False,False,1
d4rl,1324,7,6,9,True,True,True,5
d4rl,1325,6,5,5,True,True,True,5
d4rl,1326,7,6,13,True,True,True,5
d4rl,1327,6,5,7,True,True,True,5
d4rl,1328,7,6,10,True,True,True,6
d4rl,1329,7,6,7,True,True,True,5
d4rl,1330,7,6,6,True,True,True,6
d4rl,1331,7,6,8,True,True,True,6
d4rl,1332,6,5,6,True,True,True,4
d4rl,1333,7,6,13,True,True,True,5
d4rl,1334,7,6,6,True,True,True,6
d4rl,1335,7,6,6,True,True,True,6
d4rl,1336,6,5,5,True,True,True,5
d4rl,1337,7,6,11,True,True,True,5
d4rl,1338,4,3,3,True,True,False,3
d4rl,1339,7,6,10,True,True,True,6
d4rl,1340,7,6,6,True,True,True,6
d4rl,1341,7,6,17,True,True,True,5
d4rl,1342,7,6,6,True,True,True,6
d4rl,1343,6,5,5,True,True,True,5
d4rl,1344,7,6,30,True,True,True,6
d4rl,1345,7,6,8,True,True,True,6
d4rl,1346,7,6,9,True,True,True,5
d4rl,1347,7,6,6,True,True,True,6
d4rl,1348,7,6,16,True,True,True,6
d4rl,1349,7,6,7,True,True,True,5
d4rl,1350,6,5,7,True,True,True,5
d4rl,1351,7,6,48,True,True,True,6
d4rl,1352,7,6,6,True,True,True,6
d4rl,1353,7,6,6,True,True,True,6
d4rl,1354,7,6,47,True,True,True,5
d4rl,1355,7,6,18,True,True,True,6
d4rl,1356,7,6,9,True,True,True,5
d4rl,1357,7,6,8,True,True,True,6
d4rl,1358,7,6,8,True,True,True,6
d4rl,1359,7,6,9,True,True,True,5
d4rl,1360,7,6,12,True,True,True,6
d4rl,1361,7,6,11,True,True,True,5
d4rl,1362,7,6,8,True,True,True,6
d4rl,1363,7,6,11,True,True,True,5
d4rl,1364,7,6,17,True,True,True,5
d4rl,1365,7,6,18,True,True,True,6
d4rl,1366,7,6,16,True,True,True,6
d4rl,1367,7,6,6,True,True,True,6
d4rl,1368,7,6,46,True,True,True,6
d4rl,1369,7,6,6,True,True,True,6
d4rl,1370,7,6,22,True,True,True,6
d4rl,1371,7,6,39,True,True,True,5
d4rl,1372,6,5,6,True,True,True,4
d4rl,1373,7,6,19,True,True,True,5
d4rl,1374,7,6,10,True,True,True,6
d4rl,1375,6,5,7,True,True,True,5
d4rl,1376,7,6,8,True,True,True,6
d4rl,1377,7,6,35,True,True,True,5
d4rl,1378,7,6,6,True,True,True,6
d4rl,1379,6,5,7,True,True,True,5
d4rl,1380,7,6,29,True,True,True,5
d4rl,1381,7,6,40,True,True,True,6
d4rl,1382,7,6,10,True,True,True,6
d4rl,1383,7,6,15,True,True,True,5
d4rl,1384,7,6,31,True,True,True,5
d4rl,1385,7,6,6,True,True,True,6
d4rl,1386,2,1,1,False,False,False,1
d4rl,1387,7,6,12,True,True,True,6
d4rl,1388,7,6,15,True,True,True,5
d4rl,1389,6,5,9,True,True,True,5
d4rl,1390,7,6,34,True,True,True,6
d4rl,1391,7,6,6,True,True,True,6
d4rl,1392,6,5,5,True,True,True,5
d4rl,1393,7,6,16,True,True,True,6
d4rl,1394,2,1,1,False,False,False,1
d4rl,1395,5,4,6,True,True,True,4
d4rl,1396,6,5,5,True,True,True,5
d4rl,1397,7,6,8,True,True,True,6
d4rl,1398,7,6,19,True,True,True,5
d4rl,1399,5,4,4,True,True,True,4
d4rl,1400,7,6,34,True,True,True,6
d4rl,1401,6,5,5,True,True,True,5
d4rl,1402,3,2,4,True,False,False,2
d4rl,1403,7,6,8,True,True,True,6
d4rl,1404,5,4,8,True,True,True,4
d4rl,1405,4,3,3,True,True,False,3
d4rl,1406,7,6,35,True,True,True,5
d4rl,1407,7,6,15,True,True,True,5
d4rl,1408,7,6,24,True,True,True,6
d4rl,1409,7,6,27,True,True,True,5
d4rl,1410,7,6,6,True,True,True,6
d4rl,1411,7,6,12,True,True,True,6
d4rl,1412,7,6,18,True,True,True,6
d4rl,1413,7,6,15,True,True,True,5
d4rl,1414,7,6,13,True,True,True,5
d4rl,1415,7,6,24,True,True,True,6
d4rl,1416,6,5,9,True,True,True,5
d4rl,1417,7,6,15,True,True,True,5
d4rl,1418,6,5,9,True,True,True,5
d4rl,1419,7,6,13,True,True,True,5
d4rl,1420,7,6,10,True,True,True,6
d4rl,1421,7,6,9,True,True,True,5
d4rl,1422,6,5,7,True,True,True,5
d4rl,1423,7,6,18,True,True,True,6
d4rl,1424,6,5,5,True,True,True,5
d4rl,1425,7,6,10,True,True,True,6
d4rl,1426,6,5,5,True,True,True,5
